STRUCTURE,STRUCTURE_ID,STRUCTURE_NAME,freq,Time frequency,ind_type,Individual type,indic_is,Information society indicator,unit,Unit of measure,geo,Geopolitical entity (reporting),year,Time,value,Observation value,OBS_FLAG,Observation status (Flag) V2 structure,CONF_STATUS,Confidentiality status (flag)
dataflow,ESTAT:ISOC_SK_DSKL_I21(1.0),Individuals' level of digital skills (from 2021 onwards),A,Annual,IND_TOTAL,All individuals,I_DSK2_BAB,Individuals with basic or above basic overall digital skills (all five component indicators are at basic or above basic level),PC_IND,Percentage of individuals,AL,Albania,2021,,23.80,,,,,
dataflow,ESTAT:ISOC_SK_DSKL_I21(1.0),Individuals' level of digital skills (from 2021 onwards),A,Annual,IND_TOTAL,All individuals,I_DSK2_BAB,Individuals with basic or above basic overall digital skills (all five component indicators are at basic or above basic level),PC_IND,Percentage of individuals,AL,Albania,2023,,23.32,,,,,
dataflow,ESTAT:ISOC_SK_DSKL_I21(1.0),Individuals' level of digital skills (from 2021 onwards),A,Annual,IND_TOTAL,All individuals,I_DSK2_BAB,Individuals with basic or above basic overall digital skills (all five component indicators are at basic or above basic level),PC_IND,Percentage of individuals,AL,Albania,2025,,27.65,,,,,
dataflow,ESTAT:ISOC_SK_DSKL_I21(1.0),Individuals' level of digital skills (from 2021 onwards),A,Annual,IND_TOTAL,All individuals,I_DSK2_BAB,Individuals with basic or above basic overall digital skills (all five component indicators are at basic or above basic level),PC_IND,Percentage of individuals,AT,Austria,2021,,63.33,,,,,
dataflow,ESTAT:ISOC_SK_DSKL_I21(1.0),Individuals' level of digital skills (from 2021 onwards),A,Annual,IND_TOTAL,All individuals,I_DSK2_BAB,Individuals with basic or above basic overall digital skills (all five component indicators are at basic or above basic level),PC_IND,Percentage of individuals,AT,Austria,2023,,64.68,,,,,
dataflow,ESTAT:ISOC_SK_DSKL_I21(1.0),Individuals' level of digital skills (from 2021 onwards),A,Annual,IND_TOTAL,All individuals,I_DSK2_BAB,Individuals with basic or above basic overall digital skills (all five component indicators are at basic or above basic level),PC_IND,Percentage of individuals,AT,Austria,2025,,69.77,,,,,
dataflow,ESTAT:ISOC_SK_DSKL_I21(1.0),Individuals' level of digital skills (from 2021 onwards),A,Annual,IND_TOTAL,All individuals,I_DSK2_BAB,Individuals with basic or above basic overall digital skills (all five component indicators are at basic or above basic level),PC_IND,Percentage of individuals,BA,Bosnia and Herzegovina,2021,,34.65,,,,,
dataflow,ESTAT:ISOC_SK_DSKL_I21(1.0),Individuals' level of digital skills (from 2021 onwards),A,Annual,IND_TOTAL,All individuals,I_DSK2_BAB,Individuals with basic or above basic overall digital skills (all five component indicators are at basic or above basic level),PC_IND,Percentage of individuals,BA,Bosnia and Herzegovina,2023,,30.08,,,,,
dataflow,ESTAT:ISOC_SK_DSKL_I21(1.0),Individuals' level of digital skills (from 2021 onwards),A,Annual,IND_TOTAL,All individuals,I_DSK2_BAB,Individuals with basic or above basic overall digital skills (all five component indicators are at basic or above basic level),PC_IND,Percentage of individuals,BA,Bosnia and Herzegovina,2025,,36.25,,,,,
dataflow,ESTAT:ISOC_SK_DSKL_I21(1.0),Individuals' level of digital skills (from 2021 onwards),A,Annual,IND_TOTAL,All individuals,I_DSK2_BAB,Individuals with basic or above basic overall digital skills (all five component indicators are at basic or above basic level),PC_IND,Percentage of individuals,BE,Belgium,2021,,54.23,,,,,
dataflow,ESTAT:ISOC_SK_DSKL_I21(1.0),Individuals' level of digital skills (from 2021 onwards),A,Annual,IND_TOTAL,All individuals,I_DSK2_BAB,Individuals with basic or above basic overall digital skills (all five component indicators are at basic or above basic level),PC_IND,Percentage of individuals,BE,Belgium,2023,,59.39,,,,,
dataflow,ESTAT:ISOC_SK_DSKL_I21(1.0),Individuals' level of digital skills (from 2021 onwards),A,Annual,IND_TOTAL,All individuals,I_DSK2_BAB,Individuals with basic or above basic overall digital skills (all five component indicators are at basic or above basic level),PC_IND,Percentage of individuals,BE,Belgium,2025,,61.22,,,,,
dataflow,ESTAT:ISOC_SK_DSKL_I21(1.0),Individuals' level of digital skills (from 2021 onwards),A,Annual,IND_TOTAL,All individuals,I_DSK2_BAB,Individuals with basic or above basic overall digital skills (all five component indicators are at basic or above basic level),PC_IND,Percentage of individuals,BG,Bulgaria,2021,,31.18,,,,,
dataflow,ESTAT:ISOC_SK_DSKL_I21(1.0),Individuals' level of digital skills (from 2021 onwards),A,Annual,IND_TOTAL,All individuals,I_DSK2_BAB,Individuals with basic or above basic overall digital skills (all five component indicators are at basic or above basic level),PC_IND,Percentage of individuals,BG,Bulgaria,2023,,35.52,,,,,
dataflow,ESTAT:ISOC_SK_DSKL_I21(1.0),Individuals' level of digital skills (from 2021 onwards),A,Annual,IND_TOTAL,All individuals,I_DSK2_BAB,Individuals with basic or above basic overall digital skills (all five component indicators are at basic or above basic level),PC_IND,Percentage of individuals,BG,Bulgaria,2025,,38.26,,,,,
dataflow,ESTAT:ISOC_SK_DSKL_I21(1.0),Individuals' level of digital skills (from 2021 onwards),A,Annual,IND_TOTAL,All individuals,I_DSK2_BAB,Individuals with basic or above basic overall digital skills (all five component indicators are at basic or above basic level),PC_IND,Percentage of individuals,CH,Switzerland,2021,,77.79,,,,,
dataflow,ESTAT:ISOC_SK_DSKL_I21(1.0),Individuals' level of digital skills (from 2021 onwards),A,Annual,IND_TOTAL,All individuals,I_DSK2_BAB,Individuals with basic or above basic overall digital skills (all five component indicators are at basic or above basic level),PC_IND,Percentage of individuals,CH,Switzerland,2023,,77.52,,,,,
dataflow,ESTAT:ISOC_SK_DSKL_I21(1.0),Individuals' level of digital skills (from 2021 onwards),A,Annual,IND_TOTAL,All individuals,I_DSK2_BAB,Individuals with basic or above basic overall digital skills (all five component indicators are at basic or above basic level),PC_IND,Percentage of individuals,CH,Switzerland,2025,,78.01,,,,,
dataflow,ESTAT:ISOC_SK_DSKL_I21(1.0),Individuals' level of digital skills (from 2021 onwards),A,Annual,IND_TOTAL,All individuals,I_DSK2_BAB,Individuals with basic or above basic overall digital skills (all five component indicators are at basic or above basic level),PC_IND,Percentage of individuals,CY,Cyprus,2021,,50.21,,,,,
dataflow,ESTAT:ISOC_SK_DSKL_I21(1.0),Individuals' level of digital skills (from 2021 onwards),A,Annual,IND_TOTAL,All individuals,I_DSK2_BAB,Individuals with basic or above basic overall digital skills (all five component indicators are at basic or above basic level),PC_IND,Percentage of individuals,CY,Cyprus,2023,,49.46,,,,,
dataflow,ESTAT:ISOC_SK_DSKL_I21(1.0),Individuals' level of digital skills (from 2021 onwards),A,Annual,IND_TOTAL,All individuals,I_DSK2_BAB,Individuals with basic or above basic overall digital skills (all five component indicators are at basic or above basic level),PC_IND,Percentage of individuals,CY,Cyprus,2025,,55.75,,,,,
dataflow,ESTAT:ISOC_SK_DSKL_I21(1.0),Individuals' level of digital skills (from 2021 onwards),A,Annual,IND_TOTAL,All individuals,I_DSK2_BAB,Individuals with basic or above basic overall digital skills (all five component indicators are at basic or above basic level),PC_IND,Percentage of individuals,CZ,Czechia,2021,,59.69,,,,,
dataflow,ESTAT:ISOC_SK_DSKL_I21(1.0),Individuals' level of digital skills (from 2021 onwards),A,Annual,IND_TOTAL,All individuals,I_DSK2_BAB,Individuals with basic or above basic overall digital skills (all five component indicators are at basic or above basic level),PC_IND,Percentage of individuals,CZ,Czechia,2023,,69.11,,,,,
dataflow,ESTAT:ISOC_SK_DSKL_I21(1.0),Individuals' level of digital skills (from 2021 onwards),A,Annual,IND_TOTAL,All individuals,I_DSK2_BAB,Individuals with basic or above basic overall digital skills (all five component indicators are at basic or above basic level),PC_IND,Percentage of individuals,CZ,Czechia,2025,,70.45,,,,,
dataflow,ESTAT:ISOC_SK_DSKL_I21(1.0),Individuals' level of digital skills (from 2021 onwards),A,Annual,IND_TOTAL,All individuals,I_DSK2_BAB,Individuals with basic or above basic overall digital skills (all five component indicators are at basic or above basic level),PC_IND,Percentage of individuals,DE,Germany,2021,,48.92,,,,,
dataflow,ESTAT:ISOC_SK_DSKL_I21(1.0),Individuals' level of digital skills (from 2021 onwards),A,Annual,IND_TOTAL,All individuals,I_DSK2_BAB,Individuals with basic or above basic overall digital skills (all five component indicators are at basic or above basic level),PC_IND,Percentage of individuals,DE,Germany,2023,,52.22,,,,,
dataflow,ESTAT:ISOC_SK_DSKL_I21(1.0),Individuals' level of digital skills (from 2021 onwards),A,Annual,IND_TOTAL,All individuals,I_DSK2_BAB,Individuals with basic or above basic overall digital skills (all five component indicators are at basic or above basic level),PC_IND,Percentage of individuals,DE,Germany,2025,,59.55,,,,,
dataflow,ESTAT:ISOC_SK_DSKL_I21(1.0),Individuals' level of digital skills (from 2021 onwards),A,Annual,IND_TOTAL,All individuals,I_DSK2_BAB,Individuals with basic or above basic overall digital skills (all five component indicators are at basic or above basic level),PC_IND,Percentage of individuals,DK,Denmark,2021,,68.65,,,,,
dataflow,ESTAT:ISOC_SK_DSKL_I21(1.0),Individuals' level of digital skills (from 2021 onwards),A,Annual,IND_TOTAL,All individuals,I_DSK2_BAB,Individuals with basic or above basic overall digital skills (all five component indicators are at basic or above basic level),PC_IND,Percentage of individuals,DK,Denmark,2023,,69.62,,,,,
dataflow,ESTAT:ISOC_SK_DSKL_I21(1.0),Individuals' level of digital skills (from 2021 onwards),A,Annual,IND_TOTAL,All individuals,I_DSK2_BAB,Individuals with basic or above basic overall digital skills (all five component indicators are at basic or above basic level),PC_IND,Percentage of individuals,DK,Denmark,2025,,81.45,,,,,
dataflow,ESTAT:ISOC_SK_DSKL_I21(1.0),Individuals' level of digital skills (from 2021 onwards),A,Annual,IND_TOTAL,All individuals,I_DSK2_BAB,Individuals with basic or above basic overall digital skills (all five component indicators are at basic or above basic level),PC_IND,Percentage of individuals,EA,"Euro area (EA11-1999, EA12-2001, EA13-2007, EA15-2008, EA16-2009, EA17-2011, EA18-2014, EA19-2015, EA20-2023, EA21-2026)",2021,,56.34,,,,,
dataflow,ESTAT:ISOC_SK_DSKL_I21(1.0),Individuals' level of digital skills (from 2021 onwards),A,Annual,IND_TOTAL,All individuals,I_DSK2_BAB,Individuals with basic or above basic overall digital skills (all five component indicators are at basic or above basic level),PC_IND,Percentage of individuals,EA,"Euro area (EA11-1999, EA12-2001, EA13-2007, EA15-2008, EA16-2009, EA17-2011, EA18-2014, EA19-2015, EA20-2023, EA21-2026)",2023,,57.57,,,,,
dataflow,ESTAT:ISOC_SK_DSKL_I21(1.0),Individuals' level of digital skills (from 2021 onwards),A,Annual,IND_TOTAL,All individuals,I_DSK2_BAB,Individuals with basic or above basic overall digital skills (all five component indicators are at basic or above basic level),PC_IND,Percentage of individuals,EA,"Euro area (EA11-1999, EA12-2001, EA13-2007, EA15-2008, EA16-2009, EA17-2011, EA18-2014, EA19-2015, EA20-2023, EA21-2026)",2025,,62.60,,,,,
dataflow,ESTAT:ISOC_SK_DSKL_I21(1.0),Individuals' level of digital skills (from 2021 onwards),A,Annual,IND_TOTAL,All individuals,I_DSK2_BAB,Individuals with basic or above basic overall digital skills (all five component indicators are at basic or above basic level),PC_IND,Percentage of individuals,EE,Estonia,2021,,56.37,,,,,
dataflow,ESTAT:ISOC_SK_DSKL_I21(1.0),Individuals' level of digital skills (from 2021 onwards),A,Annual,IND_TOTAL,All individuals,I_DSK2_BAB,Individuals with basic or above basic overall digital skills (all five component indicators are at basic or above basic level),PC_IND,Percentage of individuals,EE,Estonia,2023,,62.61,,,,,
dataflow,ESTAT:ISOC_SK_DSKL_I21(1.0),Individuals' level of digital skills (from 2021 onwards),A,Annual,IND_TOTAL,All individuals,I_DSK2_BAB,Individuals with basic or above basic overall digital skills (all five component indicators are at basic or above basic level),PC_IND,Percentage of individuals,EE,Estonia,2025,,62.52,,,,,
dataflow,ESTAT:ISOC_SK_DSKL_I21(1.0),Individuals' level of digital skills (from 2021 onwards),A,Annual,IND_TOTAL,All individuals,I_DSK2_BAB,Individuals with basic or above basic overall digital skills (all five component indicators are at basic or above basic level),PC_IND,Percentage of individuals,EL,Greece,2021,,52.48,,,,,
dataflow,ESTAT:ISOC_SK_DSKL_I21(1.0),Individuals' level of digital skills (from 2021 onwards),A,Annual,IND_TOTAL,All individuals,I_DSK2_BAB,Individuals with basic or above basic overall digital skills (all five component indicators are at basic or above basic level),PC_IND,Percentage of individuals,EL,Greece,2023,,52.40,,,,,
dataflow,ESTAT:ISOC_SK_DSKL_I21(1.0),Individuals' level of digital skills (from 2021 onwards),A,Annual,IND_TOTAL,All individuals,I_DSK2_BAB,Individuals with basic or above basic overall digital skills (all five component indicators are at basic or above basic level),PC_IND,Percentage of individuals,EL,Greece,2025,,50.96,,,,,
dataflow,ESTAT:ISOC_SK_DSKL_I21(1.0),Individuals' level of digital skills (from 2021 onwards),A,Annual,IND_TOTAL,All individuals,I_DSK2_BAB,Individuals with basic or above basic overall digital skills (all five component indicators are at basic or above basic level),PC_IND,Percentage of individuals,ES,Spain,2021,,64.16,,,,,
dataflow,ESTAT:ISOC_SK_DSKL_I21(1.0),Individuals' level of digital skills (from 2021 onwards),A,Annual,IND_TOTAL,All individuals,I_DSK2_BAB,Individuals with basic or above basic overall digital skills (all five component indicators are at basic or above basic level),PC_IND,Percentage of individuals,ES,Spain,2023,,66.18,,,,,
dataflow,ESTAT:ISOC_SK_DSKL_I21(1.0),Individuals' level of digital skills (from 2021 onwards),A,Annual,IND_TOTAL,All individuals,I_DSK2_BAB,Individuals with basic or above basic overall digital skills (all five component indicators are at basic or above basic level),PC_IND,Percentage of individuals,ES,Spain,2025,,66.50,,,,,
dataflow,ESTAT:ISOC_SK_DSKL_I21(1.0),Individuals' level of digital skills (from 2021 onwards),A,Annual,IND_TOTAL,All individuals,I_DSK2_BAB,Individuals with basic or above basic overall digital skills (all five component indicators are at basic or above basic level),PC_IND,Percentage of individuals,EU27_2020,European Union - 27 countries (from 2020),2021,,53.92,,,,,
dataflow,ESTAT:ISOC_SK_DSKL_I21(1.0),Individuals' level of digital skills (from 2021 onwards),A,Annual,IND_TOTAL,All individuals,I_DSK2_BAB,Individuals with basic or above basic overall digital skills (all five component indicators are at basic or above basic level),PC_IND,Percentage of individuals,EU27_2020,European Union - 27 countries (from 2020),2023,,55.56,,,,,
dataflow,ESTAT:ISOC_SK_DSKL_I21(1.0),Individuals' level of digital skills (from 2021 onwards),A,Annual,IND_TOTAL,All individuals,I_DSK2_BAB,Individuals with basic or above basic overall digital skills (all five component indicators are at basic or above basic level),PC_IND,Percentage of individuals,EU27_2020,European Union - 27 countries (from 2020),2025,,60.40,,,,,
dataflow,ESTAT:ISOC_SK_DSKL_I21(1.0),Individuals' level of digital skills (from 2021 onwards),A,Annual,IND_TOTAL,All individuals,I_DSK2_BAB,Individuals with basic or above basic overall digital skills (all five component indicators are at basic or above basic level),PC_IND,Percentage of individuals,FI,Finland,2021,,79.18,,,,,
dataflow,ESTAT:ISOC_SK_DSKL_I21(1.0),Individuals' level of digital skills (from 2021 onwards),A,Annual,IND_TOTAL,All individuals,I_DSK2_BAB,Individuals with basic or above basic overall digital skills (all five component indicators are at basic or above basic level),PC_IND,Percentage of individuals,FI,Finland,2023,,81.99,,,,,
dataflow,ESTAT:ISOC_SK_DSKL_I21(1.0),Individuals' level of digital skills (from 2021 onwards),A,Annual,IND_TOTAL,All individuals,I_DSK2_BAB,Individuals with basic or above basic overall digital skills (all five component indicators are at basic or above basic level),PC_IND,Percentage of individuals,FI,Finland,2025,,80.98,,,,,
dataflow,ESTAT:ISOC_SK_DSKL_I21(1.0),Individuals' level of digital skills (from 2021 onwards),A,Annual,IND_TOTAL,All individuals,I_DSK2_BAB,Individuals with basic or above basic overall digital skills (all five component indicators are at basic or above basic level),PC_IND,Percentage of individuals,FR,France,2021,,61.96,,,,,
dataflow,ESTAT:ISOC_SK_DSKL_I21(1.0),Individuals' level of digital skills (from 2021 onwards),A,Annual,IND_TOTAL,All individuals,I_DSK2_BAB,Individuals with basic or above basic overall digital skills (all five component indicators are at basic or above basic level),PC_IND,Percentage of individuals,FR,France,2023,,59.67,,,,,
dataflow,ESTAT:ISOC_SK_DSKL_I21(1.0),Individuals' level of digital skills (from 2021 onwards),A,Annual,IND_TOTAL,All individuals,I_DSK2_BAB,Individuals with basic or above basic overall digital skills (all five component indicators are at basic or above basic level),PC_IND,Percentage of individuals,FR,France,2025,,65.74,,,,,
dataflow,ESTAT:ISOC_SK_DSKL_I21(1.0),Individuals' level of digital skills (from 2021 onwards),A,Annual,IND_TOTAL,All individuals,I_DSK2_BAB,Individuals with basic or above basic overall digital skills (all five component indicators are at basic or above basic level),PC_IND,Percentage of individuals,HR,Croatia,2021,,63.37,,,,,
dataflow,ESTAT:ISOC_SK_DSKL_I21(1.0),Individuals' level of digital skills (from 2021 onwards),A,Annual,IND_TOTAL,All individuals,I_DSK2_BAB,Individuals with basic or above basic overall digital skills (all five component indicators are at basic or above basic level),PC_IND,Percentage of individuals,HR,Croatia,2023,,58.95,,,,,
dataflow,ESTAT:ISOC_SK_DSKL_I21(1.0),Individuals' level of digital skills (from 2021 onwards),A,Annual,IND_TOTAL,All individuals,I_DSK2_BAB,Individuals with basic or above basic overall digital skills (all five component indicators are at basic or above basic level),PC_IND,Percentage of individuals,HR,Croatia,2025,,63.38,,,,,
dataflow,ESTAT:ISOC_SK_DSKL_I21(1.0),Individuals' level of digital skills (from 2021 onwards),A,Annual,IND_TOTAL,All individuals,I_DSK2_BAB,Individuals with basic or above basic overall digital skills (all five component indicators are at basic or above basic level),PC_IND,Percentage of individuals,HU,Hungary,2021,,49.09,,,,,
dataflow,ESTAT:ISOC_SK_DSKL_I21(1.0),Individuals' level of digital skills (from 2021 onwards),A,Annual,IND_TOTAL,All individuals,I_DSK2_BAB,Individuals with basic or above basic overall digital skills (all five component indicators are at basic or above basic level),PC_IND,Percentage of individuals,HU,Hungary,2023,,58.89,,,,,
dataflow,ESTAT:ISOC_SK_DSKL_I21(1.0),Individuals' level of digital skills (from 2021 onwards),A,Annual,IND_TOTAL,All individuals,I_DSK2_BAB,Individuals with basic or above basic overall digital skills (all five component indicators are at basic or above basic level),PC_IND,Percentage of individuals,HU,Hungary,2025,,57.32,,,,,
dataflow,ESTAT:ISOC_SK_DSKL_I21(1.0),Individuals' level of digital skills (from 2021 onwards),A,Annual,IND_TOTAL,All individuals,I_DSK2_BAB,Individuals with basic or above basic overall digital skills (all five component indicators are at basic or above basic level),PC_IND,Percentage of individuals,IE,Ireland,2021,,70.49,,,,,
dataflow,ESTAT:ISOC_SK_DSKL_I21(1.0),Individuals' level of digital skills (from 2021 onwards),A,Annual,IND_TOTAL,All individuals,I_DSK2_BAB,Individuals with basic or above basic overall digital skills (all five component indicators are at basic or above basic level),PC_IND,Percentage of individuals,IE,Ireland,2023,,72.91,,,,,
dataflow,ESTAT:ISOC_SK_DSKL_I21(1.0),Individuals' level of digital skills (from 2021 onwards),A,Annual,IND_TOTAL,All individuals,I_DSK2_BAB,Individuals with basic or above basic overall digital skills (all five component indicators are at basic or above basic level),PC_IND,Percentage of individuals,IE,Ireland,2025,,82.82,,,,,
dataflow,ESTAT:ISOC_SK_DSKL_I21(1.0),Individuals' level of digital skills (from 2021 onwards),A,Annual,IND_TOTAL,All individuals,I_DSK2_BAB,Individuals with basic or above basic overall digital skills (all five component indicators are at basic or above basic level),PC_IND,Percentage of individuals,IS,Iceland,2021,,80.99,,,,,
dataflow,ESTAT:ISOC_SK_DSKL_I21(1.0),Individuals' level of digital skills (from 2021 onwards),A,Annual,IND_TOTAL,All individuals,I_DSK2_BAB,Individuals with basic or above basic overall digital skills (all five component indicators are at basic or above basic level),PC_IND,Percentage of individuals,IT,Italy,2021,,45.60,,,,,
dataflow,ESTAT:ISOC_SK_DSKL_I21(1.0),Individuals' level of digital skills (from 2021 onwards),A,Annual,IND_TOTAL,All individuals,I_DSK2_BAB,Individuals with basic or above basic overall digital skills (all five component indicators are at basic or above basic level),PC_IND,Percentage of individuals,IT,Italy,2023,,45.75,,,,,
dataflow,ESTAT:ISOC_SK_DSKL_I21(1.0),Individuals' level of digital skills (from 2021 onwards),A,Annual,IND_TOTAL,All individuals,I_DSK2_BAB,Individuals with basic or above basic overall digital skills (all five component indicators are at basic or above basic level),PC_IND,Percentage of individuals,IT,Italy,2025,,54.27,,,,,
dataflow,ESTAT:ISOC_SK_DSKL_I21(1.0),Individuals' level of digital skills (from 2021 onwards),A,Annual,IND_TOTAL,All individuals,I_DSK2_BAB,Individuals with basic or above basic overall digital skills (all five component indicators are at basic or above basic level),PC_IND,Percentage of individuals,LT,Lithuania,2021,,48.84,,,,,
dataflow,ESTAT:ISOC_SK_DSKL_I21(1.0),Individuals' level of digital skills (from 2021 onwards),A,Annual,IND_TOTAL,All individuals,I_DSK2_BAB,Individuals with basic or above basic overall digital skills (all five component indicators are at basic or above basic level),PC_IND,Percentage of individuals,LT,Lithuania,2023,,52.91,,,,,
dataflow,ESTAT:ISOC_SK_DSKL_I21(1.0),Individuals' level of digital skills (from 2021 onwards),A,Annual,IND_TOTAL,All individuals,I_DSK2_BAB,Individuals with basic or above basic overall digital skills (all five component indicators are at basic or above basic level),PC_IND,Percentage of individuals,LT,Lithuania,2025,,53.80,,,,,
dataflow,ESTAT:ISOC_SK_DSKL_I21(1.0),Individuals' level of digital skills (from 2021 onwards),A,Annual,IND_TOTAL,All individuals,I_DSK2_BAB,Individuals with basic or above basic overall digital skills (all five component indicators are at basic or above basic level),PC_IND,Percentage of individuals,LU,Luxembourg,2021,,63.79,,,,,
dataflow,ESTAT:ISOC_SK_DSKL_I21(1.0),Individuals' level of digital skills (from 2021 onwards),A,Annual,IND_TOTAL,All individuals,I_DSK2_BAB,Individuals with basic or above basic overall digital skills (all five component indicators are at basic or above basic level),PC_IND,Percentage of individuals,LU,Luxembourg,2023,,60.14,,,,,
dataflow,ESTAT:ISOC_SK_DSKL_I21(1.0),Individuals' level of digital skills (from 2021 onwards),A,Annual,IND_TOTAL,All individuals,I_DSK2_BAB,Individuals with basic or above basic overall digital skills (all five component indicators are at basic or above basic level),PC_IND,Percentage of individuals,LU,Luxembourg,2025,,62.40,,,,,
dataflow,ESTAT:ISOC_SK_DSKL_I21(1.0),Individuals' level of digital skills (from 2021 onwards),A,Annual,IND_TOTAL,All individuals,I_DSK2_BAB,Individuals with basic or above basic overall digital skills (all five component indicators are at basic or above basic level),PC_IND,Percentage of individuals,LV,Latvia,2021,,50.80,,,,,
dataflow,ESTAT:ISOC_SK_DSKL_I21(1.0),Individuals' level of digital skills (from 2021 onwards),A,Annual,IND_TOTAL,All individuals,I_DSK2_BAB,Individuals with basic or above basic overall digital skills (all five component indicators are at basic or above basic level),PC_IND,Percentage of individuals,LV,Latvia,2023,,45.34,,,,,
dataflow,ESTAT:ISOC_SK_DSKL_I21(1.0),Individuals' level of digital skills (from 2021 onwards),A,Annual,IND_TOTAL,All individuals,I_DSK2_BAB,Individuals with basic or above basic overall digital skills (all five component indicators are at basic or above basic level),PC_IND,Percentage of individuals,LV,Latvia,2025,,48.43,,,,,
dataflow,ESTAT:ISOC_SK_DSKL_I21(1.0),Individuals' level of digital skills (from 2021 onwards),A,Annual,IND_TOTAL,All individuals,I_DSK2_BAB,Individuals with basic or above basic overall digital skills (all five component indicators are at basic or above basic level),PC_IND,Percentage of individuals,ME,Montenegro,2021,,47.21,,,,,
dataflow,ESTAT:ISOC_SK_DSKL_I21(1.0),Individuals' level of digital skills (from 2021 onwards),A,Annual,IND_TOTAL,All individuals,I_DSK2_BAB,Individuals with basic or above basic overall digital skills (all five component indicators are at basic or above basic level),PC_IND,Percentage of individuals,ME,Montenegro,2023,,52.02,,,,,
dataflow,ESTAT:ISOC_SK_DSKL_I21(1.0),Individuals' level of digital skills (from 2021 onwards),A,Annual,IND_TOTAL,All individuals,I_DSK2_BAB,Individuals with basic or above basic overall digital skills (all five component indicators are at basic or above basic level),PC_IND,Percentage of individuals,ME,Montenegro,2025,,44.20,,,,,
dataflow,ESTAT:ISOC_SK_DSKL_I21(1.0),Individuals' level of digital skills (from 2021 onwards),A,Annual,IND_TOTAL,All individuals,I_DSK2_BAB,Individuals with basic or above basic overall digital skills (all five component indicators are at basic or above basic level),PC_IND,Percentage of individuals,MK,North Macedonia,2021,,34.62,,,,,
dataflow,ESTAT:ISOC_SK_DSKL_I21(1.0),Individuals' level of digital skills (from 2021 onwards),A,Annual,IND_TOTAL,All individuals,I_DSK2_BAB,Individuals with basic or above basic overall digital skills (all five component indicators are at basic or above basic level),PC_IND,Percentage of individuals,MK,North Macedonia,2025,,28.50,,,,,
dataflow,ESTAT:ISOC_SK_DSKL_I21(1.0),Individuals' level of digital skills (from 2021 onwards),A,Annual,IND_TOTAL,All individuals,I_DSK2_BAB,Individuals with basic or above basic overall digital skills (all five component indicators are at basic or above basic level),PC_IND,Percentage of individuals,MT,Malta,2021,,61.23,,,,,
dataflow,ESTAT:ISOC_SK_DSKL_I21(1.0),Individuals' level of digital skills (from 2021 onwards),A,Annual,IND_TOTAL,All individuals,I_DSK2_BAB,Individuals with basic or above basic overall digital skills (all five component indicators are at basic or above basic level),PC_IND,Percentage of individuals,MT,Malta,2023,,62.78,,,,,
dataflow,ESTAT:ISOC_SK_DSKL_I21(1.0),Individuals' level of digital skills (from 2021 onwards),A,Annual,IND_TOTAL,All individuals,I_DSK2_BAB,Individuals with basic or above basic overall digital skills (all five component indicators are at basic or above basic level),PC_IND,Percentage of individuals,MT,Malta,2025,,66.80,,,,,
dataflow,ESTAT:ISOC_SK_DSKL_I21(1.0),Individuals' level of digital skills (from 2021 onwards),A,Annual,IND_TOTAL,All individuals,I_DSK2_BAB,Individuals with basic or above basic overall digital skills (all five component indicators are at basic or above basic level),PC_IND,Percentage of individuals,NL,Netherlands,2021,,78.94,,,,,
dataflow,ESTAT:ISOC_SK_DSKL_I21(1.0),Individuals' level of digital skills (from 2021 onwards),A,Annual,IND_TOTAL,All individuals,I_DSK2_BAB,Individuals with basic or above basic overall digital skills (all five component indicators are at basic or above basic level),PC_IND,Percentage of individuals,NL,Netherlands,2023,,82.70,,,,,
dataflow,ESTAT:ISOC_SK_DSKL_I21(1.0),Individuals' level of digital skills (from 2021 onwards),A,Annual,IND_TOTAL,All individuals,I_DSK2_BAB,Individuals with basic or above basic overall digital skills (all five component indicators are at basic or above basic level),PC_IND,Percentage of individuals,NL,Netherlands,2025,,83.61,,,,,
dataflow,ESTAT:ISOC_SK_DSKL_I21(1.0),Individuals' level of digital skills (from 2021 onwards),A,Annual,IND_TOTAL,All individuals,I_DSK2_BAB,Individuals with basic or above basic overall digital skills (all five component indicators are at basic or above basic level),PC_IND,Percentage of individuals,NO,Norway,2021,,78.71,,,,,
dataflow,ESTAT:ISOC_SK_DSKL_I21(1.0),Individuals' level of digital skills (from 2021 onwards),A,Annual,IND_TOTAL,All individuals,I_DSK2_BAB,Individuals with basic or above basic overall digital skills (all five component indicators are at basic or above basic level),PC_IND,Percentage of individuals,NO,Norway,2023,,81.09,,,,,
dataflow,ESTAT:ISOC_SK_DSKL_I21(1.0),Individuals' level of digital skills (from 2021 onwards),A,Annual,IND_TOTAL,All individuals,I_DSK2_BAB,Individuals with basic or above basic overall digital skills (all five component indicators are at basic or above basic level),PC_IND,Percentage of individuals,NO,Norway,2025,,79.80,,,,,
dataflow,ESTAT:ISOC_SK_DSKL_I21(1.0),Individuals' level of digital skills (from 2021 onwards),A,Annual,IND_TOTAL,All individuals,I_DSK2_BAB,Individuals with basic or above basic overall digital skills (all five component indicators are at basic or above basic level),PC_IND,Percentage of individuals,PL,Poland,2021,,42.93,,,,,
dataflow,ESTAT:ISOC_SK_DSKL_I21(1.0),Individuals' level of digital skills (from 2021 onwards),A,Annual,IND_TOTAL,All individuals,I_DSK2_BAB,Individuals with basic or above basic overall digital skills (all five component indicators are at basic or above basic level),PC_IND,Percentage of individuals,PL,Poland,2023,,44.30,,,,,
dataflow,ESTAT:ISOC_SK_DSKL_I21(1.0),Individuals' level of digital skills (from 2021 onwards),A,Annual,IND_TOTAL,All individuals,I_DSK2_BAB,Individuals with basic or above basic overall digital skills (all five component indicators are at basic or above basic level),PC_IND,Percentage of individuals,PL,Poland,2025,,50.42,,,,,
dataflow,ESTAT:ISOC_SK_DSKL_I21(1.0),Individuals' level of digital skills (from 2021 onwards),A,Annual,IND_TOTAL,All individuals,I_DSK2_BAB,Individuals with basic or above basic overall digital skills (all five component indicators are at basic or above basic level),PC_IND,Percentage of individuals,PT,Portugal,2021,,55.31,,,,,
dataflow,ESTAT:ISOC_SK_DSKL_I21(1.0),Individuals' level of digital skills (from 2021 onwards),A,Annual,IND_TOTAL,All individuals,I_DSK2_BAB,Individuals with basic or above basic overall digital skills (all five component indicators are at basic or above basic level),PC_IND,Percentage of individuals,PT,Portugal,2023,,55.97,,,,,
dataflow,ESTAT:ISOC_SK_DSKL_I21(1.0),Individuals' level of digital skills (from 2021 onwards),A,Annual,IND_TOTAL,All individuals,I_DSK2_BAB,Individuals with basic or above basic overall digital skills (all five component indicators are at basic or above basic level),PC_IND,Percentage of individuals,PT,Portugal,2025,,59.15,,,,,
dataflow,ESTAT:ISOC_SK_DSKL_I21(1.0),Individuals' level of digital skills (from 2021 onwards),A,Annual,IND_TOTAL,All individuals,I_DSK2_BAB,Individuals with basic or above basic overall digital skills (all five component indicators are at basic or above basic level),PC_IND,Percentage of individuals,RO,Romania,2021,,27.82,,,,,
dataflow,ESTAT:ISOC_SK_DSKL_I21(1.0),Individuals' level of digital skills (from 2021 onwards),A,Annual,IND_TOTAL,All individuals,I_DSK2_BAB,Individuals with basic or above basic overall digital skills (all five component indicators are at basic or above basic level),PC_IND,Percentage of individuals,RO,Romania,2023,,27.73,,,,,
dataflow,ESTAT:ISOC_SK_DSKL_I21(1.0),Individuals' level of digital skills (from 2021 onwards),A,Annual,IND_TOTAL,All individuals,I_DSK2_BAB,Individuals with basic or above basic overall digital skills (all five component indicators are at basic or above basic level),PC_IND,Percentage of individuals,RO,Romania,2025,,31.84,,,,,
dataflow,ESTAT:ISOC_SK_DSKL_I21(1.0),Individuals' level of digital skills (from 2021 onwards),A,Annual,IND_TOTAL,All individuals,I_DSK2_BAB,Individuals with basic or above basic overall digital skills (all five component indicators are at basic or above basic level),PC_IND,Percentage of individuals,RS,Serbia,2021,,41.30,,,,,
dataflow,ESTAT:ISOC_SK_DSKL_I21(1.0),Individuals' level of digital skills (from 2021 onwards),A,Annual,IND_TOTAL,All individuals,I_DSK2_BAB,Individuals with basic or above basic overall digital skills (all five component indicators are at basic or above basic level),PC_IND,Percentage of individuals,RS,Serbia,2023,,33.61,,,,,
dataflow,ESTAT:ISOC_SK_DSKL_I21(1.0),Individuals' level of digital skills (from 2021 onwards),A,Annual,IND_TOTAL,All individuals,I_DSK2_BAB,Individuals with basic or above basic overall digital skills (all five component indicators are at basic or above basic level),PC_IND,Percentage of individuals,RS,Serbia,2025,,42.02,,,,,
dataflow,ESTAT:ISOC_SK_DSKL_I21(1.0),Individuals' level of digital skills (from 2021 onwards),A,Annual,IND_TOTAL,All individuals,I_DSK2_BAB,Individuals with basic or above basic overall digital skills (all five component indicators are at basic or above basic level),PC_IND,Percentage of individuals,SE,Sweden,2021,,66.60,,,,,
dataflow,ESTAT:ISOC_SK_DSKL_I21(1.0),Individuals' level of digital skills (from 2021 onwards),A,Annual,IND_TOTAL,All individuals,I_DSK2_BAB,Individuals with basic or above basic overall digital skills (all five component indicators are at basic or above basic level),PC_IND,Percentage of individuals,SE,Sweden,2023,,66.44,,,,,
dataflow,ESTAT:ISOC_SK_DSKL_I21(1.0),Individuals' level of digital skills (from 2021 onwards),A,Annual,IND_TOTAL,All individuals,I_DSK2_BAB,Individuals with basic or above basic overall digital skills (all five component indicators are at basic or above basic level),PC_IND,Percentage of individuals,SE,Sweden,2025,,69.99,,,,,
dataflow,ESTAT:ISOC_SK_DSKL_I21(1.0),Individuals' level of digital skills (from 2021 onwards),A,Annual,IND_TOTAL,All individuals,I_DSK2_BAB,Individuals with basic or above basic overall digital skills (all five component indicators are at basic or above basic level),PC_IND,Percentage of individuals,SI,Slovenia,2021,,49.67,,,,,
dataflow,ESTAT:ISOC_SK_DSKL_I21(1.0),Individuals' level of digital skills (from 2021 onwards),A,Annual,IND_TOTAL,All individuals,I_DSK2_BAB,Individuals with basic or above basic overall digital skills (all five component indicators are at basic or above basic level),PC_IND,Percentage of individuals,SI,Slovenia,2023,,46.70,,,,,
dataflow,ESTAT:ISOC_SK_DSKL_I21(1.0),Individuals' level of digital skills (from 2021 onwards),A,Annual,IND_TOTAL,All individuals,I_DSK2_BAB,Individuals with basic or above basic overall digital skills (all five component indicators are at basic or above basic level),PC_IND,Percentage of individuals,SI,Slovenia,2025,,46.50,,,,,
dataflow,ESTAT:ISOC_SK_DSKL_I21(1.0),Individuals' level of digital skills (from 2021 onwards),A,Annual,IND_TOTAL,All individuals,I_DSK2_BAB,Individuals with basic or above basic overall digital skills (all five component indicators are at basic or above basic level),PC_IND,Percentage of individuals,SK,Slovakia,2021,,55.18,,,,,
dataflow,ESTAT:ISOC_SK_DSKL_I21(1.0),Individuals' level of digital skills (from 2021 onwards),A,Annual,IND_TOTAL,All individuals,I_DSK2_BAB,Individuals with basic or above basic overall digital skills (all five component indicators are at basic or above basic level),PC_IND,Percentage of individuals,SK,Slovakia,2023,,51.31,,,,,
dataflow,ESTAT:ISOC_SK_DSKL_I21(1.0),Individuals' level of digital skills (from 2021 onwards),A,Annual,IND_TOTAL,All individuals,I_DSK2_BAB,Individuals with basic or above basic overall digital skills (all five component indicators are at basic or above basic level),PC_IND,Percentage of individuals,SK,Slovakia,2025,,53.56,,,,,
dataflow,ESTAT:ISOC_SK_DSKL_I21(1.0),Individuals' level of digital skills (from 2021 onwards),A,Annual,IND_TOTAL,All individuals,I_DSK2_BAB,Individuals with basic or above basic overall digital skills (all five component indicators are at basic or above basic level),PC_IND,Percentage of individuals,TR,Türkiye,2021,,30.12,,,,,
dataflow,ESTAT:ISOC_SK_DSKL_I21(1.0),Individuals' level of digital skills (from 2021 onwards),A,Annual,IND_TOTAL,All individuals,I_DSK2_BAB,Individuals with basic or above basic overall digital skills (all five component indicators are at basic or above basic level),PC_IND,Percentage of individuals,TR,Türkiye,2023,,33.11,,,,,
dataflow,ESTAT:ISOC_SK_DSKL_I21(1.0),Individuals' level of digital skills (from 2021 onwards),A,Annual,IND_TOTAL,All individuals,I_DSK2_BAB,Individuals with basic or above basic overall digital skills (all five component indicators are at basic or above basic level),PC_IND,Percentage of individuals,TR,Türkiye,2025,,31.49,,,,,
dataflow,ESTAT:ISOC_SK_DSKL_I21(1.0),Individuals' level of digital skills (from 2021 onwards),A,Annual,IND_TOTAL,All individuals,I_DSK2_BAB,Individuals with basic or above basic overall digital skills (all five component indicators are at basic or above basic level),PC_IND,Percentage of individuals,XK,Kosovo*,2025,,75.59,,,,,
